{
  "ADGGA": 268.07185436,
  "ADGGA-O": 268.0769792,
  "AHexCer-O": 165.09745476,
  "BMP": 246.04944478,
  "CAR": 162.11247203,
  "CE": 386.35496042,
  "CL": 400.05296362,
  "Cer": 3.04691509,
  "CerP": 83.01541379,
  "CoQ": 168.07945689,
  "DG": 92.04729484,
  "DG-O": 78.06594478,
  "DGDG": 416.15294491,
  "DGDG-O": 402.17256484,
  "DGGA": 268.07864484,
  "DGTSA": 235.14269297,
  "DLCL": 400.05049478,
  "FA": 18.01056426,
  "FAHFA": 34.00332026,
  "GM3": 618.24716547,
  "GalCer": 165.10026347,
  "GlcCer": 165.09976566,
  "HBMP": 246.03912926,
  "Hex2Cer": 327.15316302,
  "Hex3Cer": 489.20063831,
  "HexCer": 165.09968553,
  "LNAPE": 215.05624484,
  "LNAPS": 259.03904471,
  "LPA": 172.01301042,
  "LPC": 257.10335855,
  "LPC-O": 243.12381913,
  "LPC-P": 241.10840836,
  "LPE": 215.05561042,
  "LPE-O": 201.07596036,
  "LPE-P": 199.06031029,
  "LPG": 246.04996036,
  "LPG-O": 232.07088545,
  "LPI": 334.06596036,
  "LPS": 259.04531029,
  "LacCer": 329.16936309,
  "MG": 92.04696042,
  "MG-O": 50.10939002,
  "MGDG": 254.09964478,
  "MGDG-O": 240.11791471,
  "MLCL": 400.05275436,
  "NAE": 61.05275868,
  "NAGly": 91.02634391,
  "NAGlySer": 178.05761994,
  "NAOrn": 148.08519284,
  "PA": 172.01306981,
  "PC": 257.10339284,
  "PC-O": 243.12404291,
  "PC-P": 241.10809271,
  "PE": 215.05559491,
  "PE-Cer": 126.05838319,
  "PE-O": 201.07549491,
  "PE-P": 199.06109271,
  "PEtOH": 200.04319478,
  "PG": 246.04994484,
  "PG-O": 232.07011987,
  "PG-P": 230.05459491,
  "PI": 334.06599465,
  "PI-Cer": 261.06070034,
  "PI-O": 320.08564471,
  "PMeOH": 186.02719491,
  "PS": 259.04570262,
  "PS-O": 245.06449478,
  "SE": -4.03290592,
  "SHexCer": 245.0572984,
  "SL": 83.00260516,
  "SM": 168.10326347,
  "SPB": 3.04731443,
  "SQDG": 318.06194491,
  "ST": -20.02711416,
  "TG": 92.04727933,
  "TG-O": 78.06547907,
  "VAE": 286.23093345,
  "WE": 4.03169425
}